member_id,member_name,address,email,phone_number
1,Donald Torres,"529 Williams Meadow Suite 913, Rodriguezbury, WI 60088",kennedycole@brown-martin.info,001-477-932-4757x985
2,Michael Combs,"34962 Miller Lane, Huynhstad, ID 35446",michelle69@gmail.com,(600)803-4376
3,Brandon Williams,"2808 Jaclyn Branch Suite 543, North Mariaborough, KY 53549",sullivanemily@hotmail.com,0988323510
4,Ashley Owen,"7445 Katherine Mission Apt. 539, Coleborough, AL 32120",kylechan@smith-middleton.biz,055.834.4664x736
5,Melissa Miller,"2823 Mosley Cove, Hughesfurt, VA 80218",joshuataylor@barber.com,(608)995-6687
6,Mary Brown,"9912 Abbott Highway Apt. 785, Faulknerview, ME 01243",psutton@serrano.com,(212)966-5210
7,Leslie Adams,"99215 Travis Terrace Suite 364, Lake Gina, CO 68643",heatherpatterson@yahoo.com,467.632.6694x323
8,Erik Thomas,"5523 Morris Hills, East Davidhaven, AL 24401",anne38@jones-vargas.com,001-997-705-5394x980
9,Robert Washington,"4556 Berry Manors, East David, DE 95648",michelle26@johnston-simmons.org,244.115.5808x156
10,Jennifer Hughes,"57977 Garcia Court, North Regina, MA 44685",nbarton@gmail.com,001-089-717-8953x934
11,Douglas Brown,"7547 Jones Gateway, Rodriguezland, LA 73890",thomaslane@martin.com,060.397.8298x33418
12,Jonathan Garcia,"USNS Garcia, FPO AE 44137",cjohnson@stewart.biz,994-273-1101
13,Maria Mendoza,"9632 Rowland Walks, Lucasview, ND 50907",jenniferwalker@white.com,911-079-8691x59731
14,Linda Boyd,"326 Williams Oval Apt. 797, Richardsonside, TN 96967",qgarcia@gmail.com,2857691666
15,Andrea Oliver,"PSC 6277, Box 9404, APO AE 68578",sherry24@landry.com,(338)953-8865x7844
16,Rhonda Mills,"1711 Natasha Centers, West Jonathan, LA 27804",nicholas82@hotmail.com,056.674.2593x74901
17,Ryan Lopez,"221 Taylor Mall Suite 334, Port Kristin, KY 60187",bjohnson@yahoo.com,(601)318-5788x4498
18,Martin Mcguire,"3823 Renee Plaza Suite 749, Ballton, WA 19188",hartmatthew@gmail.com,(325)498-6752x396
19,Bryan Love,"944 Jose Prairie Suite 034, South Rebekah, FL 14872",thomas28@gmail.com,079.840.2606
20,Sarah Williams,"164 Brown Station Apt. 783, South Michellebury, CT 80542",frankscott@smith-montgomery.org,854-755-4732x397
